node, pure, mix
1, 40.689499, 40.505673
2, 20.503350, 20.363535
4, 10.210268, 10.237153
8, 5.156874, 5.133696